{"xy_sens": 4.5, "targeting_sens": 40.5, "xy_scale": 2.2222222222222223, "targeting_scale": 5.486968449931413}